Designator,Footprint,Quantity,Value,LCSC Part #
BT1,BatteryHolder_MYOUNG_BS-08-B2AA016,1,Battery_Cell,C964792
"C1, C13, C15, C16, C17, C19, C2, C20, C4, C42, C5, C51, C52, C53, C54, C55, C6",0402,17,0u1,C307331
"C10, C24, C25, C28, C29, C30, C31, C32, C33, C34, C35, C38, C39, C46, C47, C48, C49, C50, C56, C57, C58, C59",0603,22,10u,C19702
"C11, C12",0402,2,12p,C1547
"C14, C18, C3, C36, C40, C44, C45, C9",0402,8,1u,C52923
C23,0402,1,4u7,C23733
"C26, C27",0402,2,100p,C1546
C37,0402,1,1n,C1523
"C7, C8",0402,2,1p2,C76899
"D1, D10, D11, D12, D5, D6, D7",Diode_DFN1006,7,H5VU10U,C22395519
"D13, D9",0805,2,GREEN,C2297
D14,0603,1,WHITE,C2290
D2,LED_WS2812B_PLCC4_5.0x5.0mm_P3.2mm,1,WS2812B,C52941391
D3,D_SMB,1,SMBJ6.0CA,C2925451
D8,D_SMA,1,D_Schottky,C22452
"J1, J9",U.FL_Hirose_U.FL-R-SMT-1_Vertical,2,Conn_Coaxial,C88374
"J3, J6",USB_C_Receptacle_HRO_TYPE-C-31-M-12,2,USB_C_Receptacle_USB2.0_14P,C393939
J8,nanoSIM_Hinged_CUI_NSIM-2-C,1,SIM_Card_Shielded,C720512
"L1, L3",0402,2,2n7,C77108
L2,0402,1,24n,C167472
"L4, L5",TDK_TFM201610ALC,2,0u47,C89446
Q1,SOT-23,1,AO3400A,C20917
"Q2, Q3, Q4",SOT-23,3,MMBT3904,C20526
"R1, R10, R11, R14, R22, R26, R3, R7, R8, R9",0402,10,10k,C25744
R12,0603,1,5.1,C25197
R13,0603,1,200,C25087
"R15, R16, R25, R29, R30, R33, R36",0402,7,5k1,C25905
"R17, R18",0402,2,100k,C25741
R19,0603,1,560k,C23203
R2,1206,1,120,C17909
R20,0603,1,430k,C25969
R21,0603,1,510k,C23192
"R23, R27, R31, R34, R37",0402,5,4k7,C25900
R24,0402,1,3k3,C25890
"R32, R35, R38",0402,3,47k,C25792
R39,0402,1,0,C17168
R4,0402,1,470,C25117
"R5, R6",0402,2,22,C25092
"SW1, SW2, SW3, SW4",SW_SPST_TS-1088-xR020,4,SW_Push,C720477
U1,SOIC-8_5.3x5.3mm_P1.27mm,1,W25Q128JVS,C97521
"U10, U11",Texas_VSON-6_1.5x1.5mm_P0.5mm_DMQ0006A,2,TPS6282x,C2650334
U12,Texas_RPW0010A_VQFN-HR-10_2x2mm_P0.5mm,1,TPS259472A,C3662789
U13,Texas_R-PUSON-N8_USON-8-1EP_1.6x2.1mm_P0.5mm_EP0.4x1.7mm,1,TPD3F303DPV,C2865991
U14,SIMCom_SIM7080G,1,SIM7080G,C2943992
"U15, U16, U17, U18, U19",SOT-23-5,5,SN74LV1T125DBV,C473338
U2,SOIC-8_3.9x4.9mm_P1.27mm,1,SN65HVD230,C12084
U3,DFN-10-1EP_2.6x2.6mm_P0.5mm_EP1.3x2.2mm,1,PCF85263ATL,C2651523
U4,LGA-8_3x5mm_P1.25mm,1,MS5607,C97627
U5,QFN-56-1EP_7x7mm_P0.4mm_EP4x4mm_ThermalVias,1,ESP32-S3FH4R2,C3013940
U6,Texas_PWSON-N6,1,HTU21,C83479
U7,Hirose_FH12-12S-0.5SH_1x12-1MP_P0.50mm_Horizontal,1,~,C88360
U8,ST_VL53L1x,1,VL53L0CXV0DH1,C91199
U9,JST_PH_S6B-PH-K_1x06_P2.00mm_Horizontal,1,NextPM,C157920
Y1,Crystal_SMD_3215-2Pin_3.2x1.5mm,1,32k768,C32346
Y2,Crystal_SMD_2016-4Pin_2.0x1.6mm,1,48M,C7206306
