Designator,Mid X,Mid Y,Rotation,Layer
BT1,63.7625,9.5,0.0,top
C1,71.0,29.5,180.0,top
C10,50.5,20.75,270.0,top
C11,44.5,14.75,90.0,top
C12,40.5,14.75,90.0,top
C13,49.25,21.25,270.0,top
C14,36.75,25.25,270.0,top
C15,46.75,21.25,0.0,top
C16,42.25,28.5,90.0,top
C17,40.0,17.75,270.0,top
C18,44.5,17.8,270.0,top
C19,46.35,2.27,90.0,top
C2,47.0,7.75,90.0,top
C20,2.5,18.75,180.0,top
C23,4.25,20.0,270.0,top
C24,82.775,39.625,270.0,top
C25,77.775,27.25,90.0,top
C26,83.75,28.5,270.0,top
C27,75.25,38.25,90.0,top
C28,82.025,37.15,180.0,top
C29,82.025,35.65,180.0,top
C3,47.0,31.48,90.0,top
C30,82.025,34.15,180.0,top
C31,82.025,32.65,180.0,top
C32,78.525,34.225,0.0,top
C33,78.525,32.725,0.0,top
C34,78.525,31.225,0.0,top
C35,78.525,29.75,0.0,top
C36,70.25,23.25,270.0,top
C37,73.23,25.25,180.0,top
C38,76.25,22.0,270.0,top
C39,75.75,24.25,180.0,top
C4,45.5,30.25,180.0,top
C40,27.25,34.0,180.0,top
C42,15.0,9.75,0.0,top
C44,17.25,9.75,180.0,top
C45,12.0,10.25,180.0,top
C46,12.25,8.5,0.0,top
C47,12.25,7.0,0.0,top
C48,9.0,10.0,180.0,top
C49,9.0,8.5,180.0,top
C5,44.0,11.25,180.0,top
C50,12.25,5.5,0.0,top
C51,26.25,19.0,90.0,top
C52,30.5,23.5,270.0,top
C53,26.25,26.25,90.0,top
C54,30.5,13.0,270.0,top
C55,26.25,15.5,90.0,top
C56,79.75,14.5,90.0,top
C57,53.0,26.0,180.0,top
C58,12.25,4.0,0.0,top
C59,12.25,2.5,0.0,top
C6,39.5,5.015,0.0,top
C7,47.5,17.0,225.0,top
C8,46.0,19.5,45.0,top
C9,36.25,34.02,270.0,top
D1,47.425,6.25,0.0,top
D10,9.94,37.75,90.0,top
D11,10.44,33.25,0.0,top
D12,9.94,35.75,270.0,top
D13,27.005,5.75,180.0,top
D14,21.5,5.75,180.0,top
D2,8.25,46.0,270.0,top
D3,63.5,35.5,180.0,top
D5,37.5,40.0,0.0,top
D6,42.5,42.675,270.0,top
D7,35.575,40.0,180.0,top
D8,45.0,45.5,270.0,top
D9,75.25,19.5,180.0,top
FID1,79.0,44.0,0.0,top
FID2,26.0,32.0,0.0,top
FID3,66.0,30.25,0.0,top
H1,80.0,3.0,0.0,top
H2,2.0,29.0,0.0,top
H3,79.0,47.0,0.0,top
H4,85.0,45.0,0.0,top
H5,5.0,5.0,0.0,top
H6,85.0,5.0,0.0,top
J1,50.0,15.0,315.0,top
J2,37.5,13.31,180.0,top
J3,36.5,46.0,180.0,top
J4,67.25,42.25,180.0,top
J5,53.75,42.25,180.0,top
J6,3.94,36.5,270.0,top
J7,13.0,44.31,180.0,top
J8,22.5,42.5,180.0,top
J9,1.942368,10.671817,180.0,top
JP1,51.0,36.0,0.0,top
L1,46.75,18.25,135.0,top
L2,43.25,17.75,270.0,top
L3,48.25,21.25,90.0,top
L4,84.525,38.65,270.0,top
L5,76.025,28.25,90.0,top
Q1,54.0,30.0,180.0,top
Q2,26.75,8.5,180.0,top
Q3,21.5,8.25,180.0,top
Q4,16.0,7.25,270.0,top
R1,45.5,40.75,0.0,top
R10,1.51,25.75,0.0,top
R11,1.5,26.75,180.0,top
R12,53.0,27.5,0.0,top
R13,51.0,30.0,270.0,top
R14,55.5,31.5,270.0,top
R15,39.5,40.0,180.0,top
R16,33.575,40.0,0.0,top
R17,79.275,38.65,270.0,top
R18,81.275,28.25,90.0,top
R19,76.525,38.15,90.0,top
R2,56.0,36.0,180.0,top
R20,82.525,28.75,270.0,top
R21,78.035,38.15,90.0,top
R22,70.49,21.0,180.0,top
R23,71.99,20.5,90.0,top
R24,71.23,25.25,180.0,top
R25,73.0,20.5,90.0,top
R26,74.75,22.5,90.0,top
R27,74.5,21.0,180.0,top
R29,9.94,39.75,270.0,top
R3,36.25,36.0,270.0,top
R30,10.44,34.25,180.0,top
R31,24.255,9.5,270.0,top
R32,24.255,7.51,270.0,top
R33,27.005,4.25,180.0,top
R34,19.0,9.25,270.0,top
R35,19.0,7.25,270.0,top
R36,21.49,4.52,180.0,top
R37,15.01,4.75,0.0,top
R38,17.01,4.75,0.0,top
R39,4.0,14.5,90.0,top
R4,41.0,17.75,90.0,top
R5,38.75,28.5,135.0,top
R6,39.457106,29.207106,135.0,top
R7,36.25,31.25,90.0,top
R8,39.25,31.51,270.0,top
R9,40.25,31.51,270.0,top
SW1,31.0,4.25,90.0,top
SW2,32.75,31.25,0.0,top
SW3,32.75,35.0,0.0,top
SW4,3.5,45.5,90.0,top
TP1,80.5,9.5,180.0,top
TP10,19.25,3.25,180.0,top
TP11,14.75,33.0,180.0,top
TP12,14.5,36.75,180.0,top
TP13,20.75407,32.561266,180.0,top
TP2,50.0,5.75,180.0,top
TP3,52.25,33.0,270.0,top
TP4,72.25,27.25,0.0,top
TP5,78.75,22.75,0.0,top
TP6,75.275,31.75,90.0,top
TP7,85.275,35.15,270.0,top
TP8,30.5,9.5,180.0,top
TP9,32.75,17.75,180.0,top
U1,44.0,35.5,180.0,top
U10,81.025,39.4,0.0,top
U11,79.525,27.5,180.0,top
U12,72.75,23.0,90.0,top
U13,17.75,32.7875,90.0,top
U14,14.75,21.0,180.0,top
U15,29.0,19.5,0.0,top
U16,27.75,23.0,180.0,top
U17,29.0,26.75,0.0,top
U18,27.75,12.5,180.0,top
U19,29.0,16.0,0.0,top
U2,70.75,34.0,0.0,top
U3,44.75,8.75,180.0,top
U4,38.25,2.75,270.0,top
U5,41.5,23.25,270.0,top
U6,43.6,2.75,0.0,top
U7,59.25,26.75,90.0,top
U8,2.0,22.25,90.0,top
U9,83.5,18.5,270.0,top
Y1,49.25,9.25,270.0,top
Y2,42.5,14.75,180.0,top
